ts,symbol,open,high,low,close,volume,provider
2025-01-01T00:00:00Z,USDJPY,100.1115,100.1190,100.0290,100.0008,762,paid_feed_stub
2025-01-01T00:05:00Z,USDJPY,100.2529,100.5206,100.2268,100.2217,126,paid_feed_stub
2025-01-01T00:10:00Z,USDJPY,100.0278,100.1794,100.0199,99.9073,684,paid_feed_stub
2025-01-01T00:15:00Z,USDJPY,100.0638,100.1299,99.8870,100.1875,105,paid_feed_stub
2025-01-01T00:20:00Z,USDJPY,100.3084,100.5179,100.2063,100.1706,961,paid_feed_stub
2025-01-01T00:25:00Z,USDJPY,100.1777,100.2055,100.1487,100.3167,643,paid_feed_stub
2025-01-01T00:30:00Z,USDJPY,100.4234,100.6423,100.2625,100.6126,440,paid_feed_stub
2025-01-01T00:35:00Z,USDJPY,100.4650,100.7139,100.2795,100.6097,619,paid_feed_stub
2025-01-01T00:40:00Z,USDJPY,100.6287,100.6424,100.5603,100.5444,171,paid_feed_stub
2025-01-01T00:45:00Z,USDJPY,100.4149,100.4452,100.3315,100.4692,428,paid_feed_stub
2025-01-01T00:50:00Z,USDJPY,100.3111,100.3739,100.2310,100.4857,683,paid_feed_stub
2025-01-01T00:55:00Z,USDJPY,100.3984,100.4497,100.1796,100.2637,441,paid_feed_stub
2025-01-01T01:00:00Z,USDJPY,100.7900,100.9820,100.6229,100.8638,858,paid_feed_stub
2025-01-01T01:05:00Z,USDJPY,101.0108,101.0795,101.0012,100.9370,340,paid_feed_stub
2025-01-01T01:10:00Z,USDJPY,100.7796,101.0624,100.5167,100.7054,689,paid_feed_stub
2025-01-01T01:15:00Z,USDJPY,100.6961,100.9704,100.5584,100.6020,321,paid_feed_stub
2025-01-01T01:20:00Z,USDJPY,100.7452,100.8240,100.5698,100.9043,459,paid_feed_stub
2025-01-01T01:25:00Z,USDJPY,100.5206,100.8199,100.3678,100.3570,142,paid_feed_stub
2025-01-01T01:30:00Z,USDJPY,100.2084,100.3966,99.9707,100.1772,157,paid_feed_stub
2025-01-01T01:35:00Z,USDJPY,100.1136,100.4125,99.9549,100.3021,874,paid_feed_stub
2025-01-01T01:40:00Z,USDJPY,99.7228,99.9390,99.5183,99.7376,340,paid_feed_stub
2025-01-01T01:45:00Z,USDJPY,99.8356,99.8691,99.7052,99.8171,958,paid_feed_stub
2025-01-01T01:50:00Z,USDJPY,100.1363,100.2153,99.9861,100.0077,921,paid_feed_stub
2025-01-01T01:55:00Z,USDJPY,100.4327,100.5222,100.2410,100.4763,237,paid_feed_stub
2025-01-01T02:00:00Z,USDJPY,100.6427,100.8045,100.4091,100.6548,100,paid_feed_stub
2025-01-01T02:05:00Z,USDJPY,100.5020,100.5079,100.2233,100.6535,848,paid_feed_stub
2025-01-01T02:10:00Z,USDJPY,100.3480,100.3654,100.0846,100.5268,177,paid_feed_stub
2025-01-01T02:15:00Z,USDJPY,100.3368,100.3576,100.1087,100.4432,215,paid_feed_stub
2025-01-01T02:20:00Z,USDJPY,100.3171,100.4820,100.2375,100.4660,480,paid_feed_stub
2025-01-01T02:25:00Z,USDJPY,100.0865,100.2483,99.8675,99.9670,380,paid_feed_stub
2025-01-01T02:30:00Z,USDJPY,100.4826,100.6776,100.3512,100.4896,208,paid_feed_stub
2025-01-01T02:35:00Z,USDJPY,100.2624,100.3638,100.0859,100.1544,298,paid_feed_stub
2025-01-01T02:40:00Z,USDJPY,99.9192,100.1085,99.8505,100.0813,873,paid_feed_stub
2025-01-01T02:45:00Z,USDJPY,99.5759,99.6473,99.3752,99.4616,219,paid_feed_stub
2025-01-01T02:50:00Z,USDJPY,99.9243,100.0956,99.7825,100.0381,826,paid_feed_stub
2025-01-01T02:55:00Z,USDJPY,99.6766,99.7057,99.5473,99.6460,520,paid_feed_stub
2025-01-01T03:00:00Z,USDJPY,99.8599,100.0619,99.5646,99.6992,462,paid_feed_stub
2025-01-01T03:05:00Z,USDJPY,99.7313,99.9898,99.6567,99.6074,503,paid_feed_stub
2025-01-01T03:10:00Z,USDJPY,99.6688,99.7524,99.5939,99.8381,498,paid_feed_stub
2025-01-01T03:15:00Z,USDJPY,99.9579,100.1230,99.9427,100.1576,852,paid_feed_stub
2025-01-01T03:20:00Z,USDJPY,100.3331,100.6110,100.0785,100.1996,537,paid_feed_stub
2025-01-01T03:25:00Z,USDJPY,100.1041,100.2244,100.0865,100.0557,986,paid_feed_stub
2025-01-01T03:30:00Z,USDJPY,99.9162,100.1515,99.7797,99.8854,961,paid_feed_stub
2025-01-01T03:35:00Z,USDJPY,100.3126,100.4793,100.0971,100.1745,367,paid_feed_stub
2025-01-01T03:40:00Z,USDJPY,100.6875,100.8613,100.5249,100.7867,151,paid_feed_stub
2025-01-01T03:45:00Z,USDJPY,100.7549,100.9057,100.4991,100.6179,964,paid_feed_stub
2025-01-01T03:50:00Z,USDJPY,100.4190,100.4747,100.2405,100.4891,311,paid_feed_stub
2025-01-01T03:55:00Z,USDJPY,100.1149,100.3820,100.0410,100.1527,657,paid_feed_stub
2025-01-01T04:00:00Z,USDJPY,100.0503,100.2254,99.8934,100.2242,283,paid_feed_stub
2025-01-01T04:05:00Z,USDJPY,100.2232,100.2948,100.1045,100.2919,369,paid_feed_stub
2025-01-01T04:10:00Z,USDJPY,100.0762,100.3017,100.0544,100.0595,998,paid_feed_stub
2025-01-01T04:15:00Z,USDJPY,100.4730,100.4950,100.4091,100.3791,939,paid_feed_stub
2025-01-01T04:20:00Z,USDJPY,100.7777,101.0415,100.6669,100.6408,850,paid_feed_stub
2025-01-01T04:25:00Z,USDJPY,100.9406,101.1241,100.6444,101.0022,107,paid_feed_stub
2025-01-01T04:30:00Z,USDJPY,101.1942,101.2841,100.9952,101.3698,220,paid_feed_stub
2025-01-01T04:35:00Z,USDJPY,100.8866,100.9187,100.7206,100.7955,644,paid_feed_stub
2025-01-01T04:40:00Z,USDJPY,101.0607,101.1218,100.8704,100.9663,539,paid_feed_stub
2025-01-01T04:45:00Z,USDJPY,101.3849,101.6388,101.3573,101.3544,349,paid_feed_stub
2025-01-01T04:50:00Z,USDJPY,100.9878,101.2191,100.7967,100.8926,767,paid_feed_stub
2025-01-01T04:55:00Z,USDJPY,101.0291,101.1574,101.0262,100.8592,894,paid_feed_stub
2025-01-01T05:00:00Z,USDJPY,101.3523,101.5159,101.1019,101.3853,233,paid_feed_stub
2025-01-01T05:05:00Z,USDJPY,101.0542,101.1467,100.7845,101.1727,874,paid_feed_stub
2025-01-01T05:10:00Z,USDJPY,101.3734,101.4364,101.2985,101.2145,802,paid_feed_stub
2025-01-01T05:15:00Z,USDJPY,101.6807,101.8026,101.4945,101.5425,936,paid_feed_stub
2025-01-01T05:20:00Z,USDJPY,101.9724,102.2652,101.7291,102.1249,122,paid_feed_stub
2025-01-01T05:25:00Z,USDJPY,102.1616,102.2613,101.8824,102.2825,877,paid_feed_stub
2025-01-01T05:30:00Z,USDJPY,102.4102,102.4903,102.1740,102.2534,884,paid_feed_stub
2025-01-01T05:35:00Z,USDJPY,102.6971,102.7638,102.4521,102.6812,374,paid_feed_stub
2025-01-01T05:40:00Z,USDJPY,102.9334,103.0016,102.9263,102.8106,395,paid_feed_stub
2025-01-01T05:45:00Z,USDJPY,103.2248,103.5149,103.1411,103.2814,459,paid_feed_stub
2025-01-01T05:50:00Z,USDJPY,103.6098,103.7706,103.3280,103.4559,973,paid_feed_stub
2025-01-01T05:55:00Z,USDJPY,103.3526,103.6414,103.2730,103.1960,491,paid_feed_stub
2025-01-01T06:00:00Z,USDJPY,103.5355,103.6296,103.3536,103.5400,446,paid_feed_stub
2025-01-01T06:05:00Z,USDJPY,103.5967,103.6731,103.3841,103.3974,933,paid_feed_stub
2025-01-01T06:10:00Z,USDJPY,103.6275,103.8433,103.4049,103.6957,427,paid_feed_stub
2025-01-01T06:15:00Z,USDJPY,103.2835,103.4827,103.1844,103.2090,863,paid_feed_stub
2025-01-01T06:20:00Z,USDJPY,103.4593,103.5494,103.3665,103.4226,462,paid_feed_stub
2025-01-01T06:25:00Z,USDJPY,103.2958,103.3340,103.1697,103.4719,709,paid_feed_stub
2025-01-01T06:30:00Z,USDJPY,103.6180,103.8027,103.5278,103.6372,100,paid_feed_stub
2025-01-01T06:35:00Z,USDJPY,103.4476,103.5765,103.2736,103.5095,518,paid_feed_stub
2025-01-01T06:40:00Z,USDJPY,103.4013,103.4654,103.2593,103.5618,816,paid_feed_stub
2025-01-01T06:45:00Z,USDJPY,103.1371,103.1625,102.9824,103.1902,401,paid_feed_stub
2025-01-01T06:50:00Z,USDJPY,103.3918,103.6171,103.1900,103.2816,279,paid_feed_stub
2025-01-01T06:55:00Z,USDJPY,103.0113,103.0848,102.8688,103.1512,165,paid_feed_stub
2025-01-01T07:00:00Z,USDJPY,102.9429,103.1318,102.8846,103.0214,544,paid_feed_stub
2025-01-01T07:05:00Z,USDJPY,102.7381,102.9349,102.7364,102.8385,793,paid_feed_stub
2025-01-01T07:10:00Z,USDJPY,102.4233,102.5509,102.3706,102.6065,566,paid_feed_stub
2025-01-01T07:15:00Z,USDJPY,102.0635,102.1383,101.8090,102.0461,821,paid_feed_stub
2025-01-01T07:20:00Z,USDJPY,102.1976,102.4939,102.0189,102.3776,902,paid_feed_stub
2025-01-01T07:25:00Z,USDJPY,102.2877,102.5035,102.1363,102.4199,593,paid_feed_stub
2025-01-01T07:30:00Z,USDJPY,102.6055,102.8286,102.4631,102.5091,322,paid_feed_stub
2025-01-01T07:35:00Z,USDJPY,102.7156,102.9453,102.5592,102.7663,347,paid_feed_stub
2025-01-01T07:40:00Z,USDJPY,102.3776,102.4633,102.2961,102.3055,586,paid_feed_stub
2025-01-01T07:45:00Z,USDJPY,102.0883,102.1577,101.8801,102.1708,157,paid_feed_stub
2025-01-01T07:50:00Z,USDJPY,102.0144,102.1771,101.8896,101.8971,478,paid_feed_stub
2025-01-01T07:55:00Z,USDJPY,102.3382,102.5135,102.1296,102.4809,789,paid_feed_stub
2025-01-01T08:00:00Z,USDJPY,102.2425,102.2443,102.1370,102.3439,868,paid_feed_stub
2025-01-01T08:05:00Z,USDJPY,102.6053,102.7310,102.3810,102.6237,642,paid_feed_stub
2025-01-01T08:10:00Z,USDJPY,102.3817,102.4475,102.2510,102.1933,402,paid_feed_stub
2025-01-01T08:15:00Z,USDJPY,102.5250,102.6463,102.4755,102.5120,214,paid_feed_stub
2025-01-01T08:20:00Z,USDJPY,102.6228,102.6309,102.5046,102.6486,124,paid_feed_stub
2025-01-01T08:25:00Z,USDJPY,102.7370,102.7777,102.5985,102.5571,441,paid_feed_stub
2025-01-01T08:30:00Z,USDJPY,102.5064,102.6044,102.2780,102.4580,776,paid_feed_stub
2025-01-01T08:35:00Z,USDJPY,102.7719,102.8476,102.7473,102.5796,585,paid_feed_stub
2025-01-01T08:40:00Z,USDJPY,103.1718,103.2768,102.9768,103.2843,686,paid_feed_stub
2025-01-01T08:45:00Z,USDJPY,103.3752,103.6601,103.3154,103.1834,237,paid_feed_stub
2025-01-01T08:50:00Z,USDJPY,103.0762,103.2770,102.9070,102.9634,729,paid_feed_stub
2025-01-01T08:55:00Z,USDJPY,103.2897,103.3400,103.1075,103.3889,203,paid_feed_stub
2025-01-01T09:00:00Z,USDJPY,103.5451,103.8346,103.5127,103.3554,380,paid_feed_stub
2025-01-01T09:05:00Z,USDJPY,103.6870,103.9745,103.5680,103.7730,168,paid_feed_stub
2025-01-01T09:10:00Z,USDJPY,103.8395,104.0277,103.8089,103.9485,865,paid_feed_stub
2025-01-01T09:15:00Z,USDJPY,103.9198,103.9562,103.6247,104.0329,412,paid_feed_stub
2025-01-01T09:20:00Z,USDJPY,103.8625,103.9737,103.7108,103.7990,864,paid_feed_stub
2025-01-01T09:25:00Z,USDJPY,104.1204,104.1521,103.8322,104.1746,845,paid_feed_stub
2025-01-01T09:30:00Z,USDJPY,104.2863,104.4169,104.0661,104.4724,343,paid_feed_stub
2025-01-01T09:35:00Z,USDJPY,104.5328,104.6943,104.3878,104.5070,757,paid_feed_stub
2025-01-01T09:40:00Z,USDJPY,104.3475,104.6030,104.0983,104.1822,893,paid_feed_stub
2025-01-01T09:45:00Z,USDJPY,104.1426,104.2820,103.9595,104.0942,125,paid_feed_stub
2025-01-01T09:50:00Z,USDJPY,104.4234,104.4779,104.3598,104.5425,406,paid_feed_stub
2025-01-01T09:55:00Z,USDJPY,104.7276,104.9380,104.6448,104.5317,953,paid_feed_stub
